fold,outer_accuracy,best_inner_accuracy,learning_rate,num_leaves,max_depth,min_data_in_leaf
1,0.9409190371991247,0.9354716981132075,0.043954121259326524,289,3,12
2,0.9362691466083151,0.9426415094339623,0.04421300989045798,214,11,28
3,0.9264223194748359,0.9388679245283019,0.005157250169212102,91,8,43
4,0.9362691466083151,0.94,0.023682084955724134,60,7,50
5,0.9332421340629274,0.9418867924528301,0.013958629558350451,457,11,90
