fold,accuracy,auc
1,0.9409190371991247,0.9854368961352657
2,0.9362691466083151,0.9835270229468599
3,0.9275164113785558,0.9810729166666666
4,0.9362691466083151,0.9840027173913043
5,0.93296853625171,0.9821003021148037
