fold,outer_accuracy,best_inner_accuracy,learning_rate,num_leaves,max_depth,min_data_in_leaf
1,0.9409190371991247,0.9383965476444488,0.01892412403089791,371,11,5
2,0.9362691466083151,0.9407368825260831,0.04735268122409861,408,5,36
3,0.9275164113785558,0.9416428164032368,0.046050630363648794,293,8,5
4,0.9362691466083151,0.9390005662514156,0.04368344843952652,226,10,52
5,0.9332421340629274,0.9402928743961353,0.047216540330609506,34,12,71
